ชื่อ_อำเภอ,ชื่อ_หน่วยงาน,งบประมาณ_ปี_2564,งบประมาณ_ปี_2565,งบประมาณ_ปี_2566,งบประมาณ_ปี_2567,งบประมาณ_ปี_2568,รวม_งบประมาณที่สนับสนุน(ห้ามแก้ไข)
เมืองระยอง,รพ.ระยอง,"1,263,800",0,"398,600","500,000",0,"฿2,162,400.00"
เมืองระยอง,รพ.เฉลิมพระเกียรติฯ,"73,500",0,"499,680",0,0,"฿573,180.00"
เมืองระยอง,สสอ.เมืองระยอง,0,0,0,"482,400",0,"฿482,400.00"
เมืองระยอง,รพ.สต.กะเฉด_(ครั้งที่_1),0,0,"50,000","99,500","91,600","฿241,100.00"
เมืองระยอง,รพ.สต.กะเฉด_(ครั้งที่_2),0,0,0,0,"76,970","฿76,970.00"
เมืองระยอง,รพ.สต.แกลง,0,0,0,"94,900","99,400","฿194,300.00"
เมืองระยอง,รพ.สต.คลองบางไผ่,0,0,0,"50,800",0,"฿50,800.00"
เมืองระยอง,รพ.สต.ก้นหนอง,0,0,0,"98,900",0,"฿98,900.00"
เมืองระยอง,รพ.สต.เพ,0,0,0,0,"100,000","฿100,000.00"
เมืองระยอง,รพ.สต.บ้านยายจั่น,0,0,0,0,92300,"฿92,300.00"
เมืองระยอง,รพ.สต.บ้้านเกาะเสม็ด,0,0,0,0,92300,"฿92,300.00"
เมืองระยอง,ศูนย์บริการสาธารณสุข_ทน.ระยอง,0,0,0,0,461300,"฿461,300.00"
นิคมพัฒนา,รพ.นิคมพัฒนา,"165,750","498,500",0,"499,100",498600,"฿1,661,950.00"
นิคมพัฒนา,สสอ.นิคมพัฒนา_(ครั้งที่_1),0,0,0,494900,0,"฿494,900.00"
นิคมพัฒนา,สสอ.นิคมพัฒนา_(ครั้ั้งที่_2),0,0,0,450700,0,"฿450,700.00"
นิคมพัฒนา,รพ.สต.บ้านกระเฉท,0,0,0,"96,000",99300,"฿195,300.00"
บ้านค่าย,รพ.บ้านค่าย,0,"208,280","500,000",0,0,"฿708,280.00"
บ้านค่าย,สสอ.บ้านค่าย,0,0,0,"487,700",0,"฿487,700.00"
บ้านค่าย,รพ.สต.หนองสะพาน,0,0,0,"97,700","99,440","฿197,140.00"
บ้านค่าย,รพ.สต.เนินสว่าง,0,0,0,0,"96,000","฿96,000.00"
บ้านค่าย,รพ.สต.บ้านหนองพะวา,0,0,0,0,84500,"฿84,500.00"
บ้านฉาง,รพ.บ้านฉาง_(ครั้งที่_1),"1,453,000","348,850","499,700","499,600","500,000","฿3,301,150.00"
บ้านฉาง,รพ.บ้านฉาง_(ครั้ั้งที่_2),0,0,"499,600",0,0,"฿499,600.00"
บ้านฉาง,สสอ.บ้านฉาง_(ครั้งที่_1),0,0,"499,400",491400,"490,500","฿1,481,300.00"
บ้านฉาง,สสอ.บ้านฉาง_(ครั้ั้งที่_2),0,0,0,479400,0,"฿479,400.00"
บ้านฉาง,ศูนย์บริการสาธารณสุข_อบต.สำนักท้อน,0,0,0,"390,840",0,"฿390,840.00"
บ้านฉาง,รพ.สต.บ้านสระแก้ว,0,0,0,0,"83,300","฿83,300.00"
บ้านฉาง,รพ.สต.สำนักท้อน,0,0,0,0,97600,"฿97,600.00"
บ้านฉาง,รพ.สต.บ้านยายร้า,0,0,0,0,99200,"฿99,200.00"
บ้านฉาง,รพ.สต.บ้านเขาครอก,0,0,0,0,58100,"฿58,100.00"
บ้านฉาง,รพ.สต.บ้านหนองน้ำเย็น,0,0,0,0,98800,"฿98,800.00"
เขาชะเมา,รพ.เขาชะเมาฯ,"467,700",0,"467,700",0,0,"฿935,400.00"
เขาชะเมา,รพ.สต.บ้านชำฆ้อ,0,0,0,0,"93,100","฿93,100.00"
เขาชะเมา,รพ.สต.แสงส่องหล้า_2,0,0,0,0,"99,800","฿99,800.00"
เขาชะเมา,รพ.สต.บ้านเขาน้อย,0,0,0,0,92750,"฿92,750.00"
เขาชะเมา,รพ.สต.บ้านสามแยกน้ำเป็น,0,0,0,0,99400,"฿99,400.00"
เขาชะเมา,สถานีอนามัยเฉลิมพระเกียรติ_60_พรรษา_บ้านน้ำใส,0,0,0,0,98600,"฿98,600.00"
แกลง,รพ.แกลง,"1,168,900",0,"499,600","500,000","499,800","฿2,668,300.00"
แกลง,รพ.สต.กองดิน_(ครั้งที่_1),0,0,"50,000","99,200","97,000","฿246,200.00"
แกลง,รพ.สต.กองดิน_(ครั้งที่_2),0,0,0,"95,600","96,000","฿191,600.00"
แกลง,รพ.สต.คลองป่าไม้_(ครั้งที่_1),0,0,"44,800","94,600",0,"฿139,400.00"
แกลง,รพ.สต.คลองป่าไม้_(ครั้งที่_2),0,0,"84,600",0,0,"฿84,600.00"
แกลง,รพ.สต.บ้านนา,0,0,"50,000","80,000","99,200","฿229,200.00"
แกลง,รพ.สต.กร่ำ,0,0,"51,400","82,400","81,800","฿215,600.00"
แกลง,รพ.สต.บ้านสองพี่น้อง,0,0,"32,200","20,100",0,"฿52,300.00"
แกลง,รพ.สต.บ้านวัดบุนนาค,0,0,0,"70,400",0,"฿70,400.00"
แกลง,รพ.สต.บ้านเนินหย่อง,0,0,0,"74,300","70,000","฿144,300.00"
แกลง,รพ.สต.บ้านโพธิฐาน,0,0,0,"96,300","94,300","฿190,600.00"
แกลง,รพ.สต.บ้านเขาดิน,0,0,0,"86,700","99,000","฿185,700.00"
แกลง,รพ.สต.บ้านชำสมอ,0,0,0,"89,100","98,900","฿188,000.00"
แกลง,รพ.สต.วังหว้า,0,0,0,"74,300","70,000","฿144,300.00"
แกลง,รพ.สต.บ้านคลองคา,0,0,0,"92,300","45,200","฿137,500.00"
แกลง,รพ.สต.บ้านถนนกะเพรา,0,0,0,"69,100","45,000","฿114,100.00"
แกลง,รพ.สต.ชากพง,0,0,0,"84,200","67,800","฿152,000.00"
แกลง,รพ.สต.บ้านจำรุง,0,0,0,"97,700","66,800","฿164,500.00"
แกลง,รพ.สต.กระแสบน,0,0,0,"98,700","43,800","฿142,500.00"
แกลง,รพ.สต.หนองแพงพวย,0,0,0,"95,500","81,500","฿177,000.00"
แกลง,รพ.สต.พังราด,0,0,0,"82,300","84,800","฿167,100.00"
แกลง,รพ.สต.บ้านเขาหินแท่น,0,0,0,"95,600",0,"฿95,600.00"
แกลง,รพ.สต.เต้าปูนหาย,0,0,0,"50,800","71,200","฿122,000.00"
แกลง,รพ.สต.สองสลึง,0,0,0,"98,900","86,400","฿185,300.00"
แกลง,รพ.สต.คลองป่าไม้_(ครั้งที่_1),0,0,"44,800","94,600",0,"฿139,400.00"
แกลง,รพ.สต.คลองป่าไม้_(ครั้งที่_2),0,0,"85,600",0,0,"฿85,600.00"
แกลง,รพ.สต.คลองปูน,0,0,0,"96,400","95,700","฿192,100.00"
แกลง,รพ.สต.ปากน้ำกระแส,0,0,0,"96,400",0,"฿96,400.00"
ปลวกแดง,รพ.ปลวกแดง,0,0,"279,600","253,000",0,"฿532,600.00"
ปลวกแดง,สสอ.ปลวกแดง,0,0,0,"494,900",0,"฿494,900.00"
ปลวกแดง,รพ.สต.บ้านหนองค้างคาว,0,0,"47,500","69,300","55,000","฿171,800.00"
ปลวกแดง,รพ.สต.บ้านมาบยางพร,0,0,"49,800",0,"59,800","฿109,600.00"
ปลวกแดง,รพ.สต.บ้านหนองไร่,0,0,0,"96,400","96,000","฿192,400.00"
ปลวกแดง,รพ.สต.คลองน้ำแดง,0,0,0,0,"73,300","฿73,300.00"
ปลวกแดง,รพ.สต.ปากแพรก,0,0,0,0,"99,250","฿99,250.00"
ปลวกแดง,รพ.สต.บึงตาต้า,0,0,0,0,"72,190","฿72,190.00"
ปลวกแดง,รพ.สต.บ้านห้วยปราบ,0,0,"50,000","93,200","97,700","฿240,900.00"
วังจันทร์,รพ.วังจันทร์,"321,100","385,100",0,"434,600","300,000","฿1,440,800.00"
วังจันทร์,สสอ.บ้านวังจันทร์,0,0,0,"96,400",0,"฿96,400.00"
วังจันทร์,รพ.สต.บ้านคลองเขต,0,0,"98,550","83,300",0,"฿181,850.00"
วังจันทร์,รพ.สต.บ้านวังจันทร์,0,0,"98,000","99,400","98,000","฿295,400.00"
วังจันทร์,รพ.สต.บ้านเขาตาอิ๋น_(ครั้งที่_1),0,0,0,"98,700","99,600","฿198,300.00"
วังจันทร์,รพ.สต.บ้านเขาตาอิ๋น_(ครั้งที่_2),0,0,0,0,"95,800","฿95,800.00"
วังจันทร์,รพ.สต.บ้านเขาสิงห์โต,0,0,0,"92,700","99,260","฿191,960.00"