รหัส_หน่วยงาน,ประเภท_หน่วยงาน,ชื่อ_หน่วยงาน,ชื่อ_ตำบล,ชื่อ_อำเภอ,ชื่อ_จังหวัด,link_google_map,"location_ละติจูด,ลองติจูด",เบอร์โทร
workplace_01,โรงพยาบาล,รพ.ระยอง,ท่าประดู่,เมืองระยอง,ระยอง,https://maps.app.goo.gl/x7ypYXDBCfHKyqUm8,"12.682343930486097, 101.27646736661339",038611104
workplace_02,โรงพยาบาล,รพ.เฉลิมพระเกียรติฯ,ห้วยโป่ง,เมืองระยอง,ระยอง,https://maps.app.goo.gl/FwZBL9JLZx3am5es8,"12.730778689288242, 101.13640289479227",038684444
workplace_03,สำนักงานสาธารณสุขอำเภอ,สสอ.เมืองระยอง,เนินพระ,เมืองระยอง,ระยอง,https://maps.app.goo.gl/PtQ8f3tvGSG9rJjYA,"12.683185443810654, 101.23726757301519",038614435
workplace_04,โรงพยาบาลส่งเสริมสุขภาพตำบล,รพ.สต.กะเฉด,มาบข่า,เมืองระยอง,ระยอง,https://maps.app.goo.gl/scSrzCWTTkBhvGpV9,"12.728167938049491, 101.4886191452093",038634222
workplace_05,โรงพยาบาลส่งเสริมสุขภาพตำบล,รพ.สต.แกลง,แกลง,เมืองระยอง,ระยอง,https://maps.app.goo.gl/verN7HsCeySiZ3faA,"12.642402705683493, 101.50611353711909",038648588
workplace_06,โรงพยาบาลส่งเสริมสุขภาพตำบล,รพ.สต.คลองบางไผ่,สำนักท้อน,เมืองระยอง,ระยอง,https://maps.app.goo.gl/H7iiJYeoTkRXnH2m6,"12.705311376448984, 100.99660713897123",
workplace_07,โรงพยาบาลส่งเสริมสุขภาพตำบล,รพ.สต.ก้นหนอง,บ้านแลง,เมืองระยอง,ระยอง,https://maps.app.goo.gl/7nVEntNKHYvVV9vp8,"12.68576157227474, 101.3416066957629",038626275
workplace_08,โรงพยาบาลส่งเสริมสุขภาพตำบล,รพ.สต.บ้านยายจั่น,สำนักทอง,เมืองระยอง,ระยอง,https://maps.app.goo.gl/SQMfH9MwNhP9Qm4z7,"12.706764241271792, 101.47026336780704",
workplace_09,โรงพยาบาลส่งเสริมสุขภาพตำบล,รพ.สต.เพ,เพ,เมืองระยอง,ระยอง,https://maps.app.goo.gl/z3iCVyfTLEJD7f1t8,"12.621489409622582, 101.4280203217753",038652613
workplace_10,โรงพยาบาลส่งเสริมสุขภาพตำบล,รพ.สต.บ้านเกาะเสม็ด,เพ,เมืองระยอง,ระยอง,https://maps.app.goo.gl/RKzc8of4Nk99vjEv7,"12.570627379082836, 101.46451125061039",038644123
workplace_11,ศูนย์บริการสาธารณสุข,ศูนย์บริการสาธารณสุข_ทน.ระยอง,ท่าประดู่,เมืองระยอง,ระยอง,https://maps.app.goo.gl/EQr4U3K9r1Qe6TH39,"12.67512699403195, 101.2786500175189",038610124
workplace_12,โรงพยาบาล,รพ.นิคมพัฒนา,มะขามคู่,นิคมพัฒนา,ระยอง,https://maps.app.goo.gl/ERYrvujia4nK2wgD8,"12.870213492078301, 101.14226099479453",038038050
workplace_13,สำนักงานสาธารณสุขอำเภอ,สสอ.นิคมพัฒนา,นิคมพัฒนา,นิคมพัฒนา,ระยอง,https://maps.app.goo.gl/5NKEDpWrN89q66Ca8,"12.829934046069479, 101.20510765246566",038636827
workplace_14,โรงพยาบาลส่งเสริมสุขภาพตำบล,รพ.สต.บ้านกระเฉท,มาบข่า,นิคมพัฒนา,ระยอง,https://maps.app.goo.gl/A2MjCJzWPmWBJT8FA,"12.76607023282771, 101.21294122362862",038637917
workplace_15,โรงพยาบาล,รพ.บ้านฉาง,พลา,บ้านฉาง,ระยอง,https://maps.app.goo.gl/iWzbo3darsCvDLTu6,"12.726148758394098, 101.04331499479218",038603838
workplace_16,สำนักงานสาธารณสุขอำเภอ,สสอ.บ้านฉาง,พลา,บ้านฉาง,ระยอง,https://maps.app.goo.gl/VXphNcYcm546hPsH6,"12.719336674255372, 101.04304869479213",038601142
workplace_17,ศูนย์บริการสาธารณสุข,ศูนย์บริการสาธารณสุข_อบต.สำนักท้อน,สำนักท้อน,บ้านฉาง,ระยอง,https://maps.app.goo.gl/FJV1A1td9mgwyHz98,"12.713739278165637, 101.01730384238098",
workplace_18,โรงพยาบาลส่งเสริมสุขภาพตำบล,รพ.สต.บ้านสระแก้ว,สำนักท้อน,บ้านฉาง,ระยอง,https://maps.app.goo.gl/KbM7pXct14uTN1CXA,"12.720244694563599, 101.00680905431484",038030484
workplace_19,โรงพยาบาลส่งเสริมสุขภาพตำบล,รพ.สต.สำนักท้อน,สำนักท้อน,บ้านฉาง,ระยอง,https://maps.app.goo.gl/9KbRYLw4q2EBT1as7,"12.770163781370359, 101.01937597189922",
workplace_20,โรงพยาบาลส่งเสริมสุขภาพตำบล,รพ.สต.บ้านยายร้า,บ้านฉาง,บ้านฉาง,ระยอง,https://maps.app.goo.gl/74mRZT5duNgwf9DKA,"12.753258491512797, 101.03973638130023",038696088
workplace_21,โรงพยาบาลส่งเสริมสุขภาพตำบล,รพ.สต.บ้านเขาครอก,สำนักท้อน,บ้านฉาง,ระยอง,https://maps.app.goo.gl/TxRkjmTQFCj28BEm7,"12.743169691582528, 101.01352805431522",
workplace_22,โรงพยาบาลส่งเสริมสุขภาพตำบล,รพ.สต.บ้านหนองน้ำเย็น,สำนักท้อน,บ้านฉาง,ระยอง,https://maps.app.goo.gl/AwmWyPd54Mnw5LXV9,"12.80343040160474, 101.05244472362925",038030625
workplace_23,โรงพยาบาล,รพ.เขาชะเมาฯ,ห้วยทับมอญ,เขาชะเมา,ระยอง,https://maps.app.goo.gl/wyGPZvBQ5kK9vvwu8,"12.988215511398103, 101.6733212696627",038996022
workplace_24,โรงพยาบาลส่งเสริมสุขภาพตำบล,รพ.สต.บ้านชำฆ้อ,ชำฆ้อ,เขาชะเมา,ระยอง,https://maps.app.goo.gl/DsnxC75VDZH8eZ8a8,"12.940959645189636, 101.67278238500545",
workplace_25,โรงพยาบาลส่งเสริมสุขภาพตำบล,รพ.สต.แสงส่องหล้า 2,ห้วยทับมอญ,เขาชะเมา,ระยอง,https://maps.app.goo.gl/hR64pRUnMbYV85an8,"13.00795752424899, 101.71610134089138",
workplace_26,โรงพยาบาลส่งเสริมสุขภาพตำบล,รพ.สต.บ้านเขาน้อย,เขาน้อย,เขาชะเมา,ระยอง,https://maps.app.goo.gl/DByjxN3xe9dWXLN69,"13.101835186841116, 101.60000076787252",
workplace_27,โรงพยาบาลส่งเสริมสุขภาพตำบล,รพ.สต.บ้านสามแยกน้ำเป็น,น้ำเป็น,เขาชะเมา,ระยอง,https://maps.app.goo.gl/RGo3A37vmM5jWP4e8,"12.862738538842006, 101.73752935619625",
workplace_28,สถานีอนามัย,สถานีอนามัยเฉลิมพระเกียรติ_60_พรรษา_นวมินทราชินี_บ้านน้ำใส,น้ำเป็น,เขาชะเมา,ระยอง,https://maps.app.goo.gl/GoAzRpfHDdAAHxoQ7,"12.947767514056421, 101.79474822098291",
workplace_29,โรงพยาบาล,รพ.แกลง,ทางเกวียน,แกลง,ระยอง,https://maps.app.goo.gl/fRVTxr61x6wnokCz9,"12.785784936364575, 101.67068572205127",038677534
workplace_30,โรงพยาบาลส่งเสริมสุขภาพตำบล,รพ.สต.กองดิน,กองดิน,แกลง,ระยอง,https://maps.app.goo.gl/WWR19UJGUcXz584Z6,"12.78344529022278, 101.80870307891755",038806363
workplace_31,โรงพยาบาลส่งเสริมสุขภาพตำบล,รพ.สต.บ้านนา,บ้้านนา,แกลง,ระยอง,https://maps.app.goo.gl/6QCjy1vssFvYbbrv9,"12.83080689430185, 101.66939359824454",0870565795
workplace_32,โรงพยาบาลส่งเสริมสุขภาพตำบล,รพ.สต.กร่ำ,กร่ำ,แกลง,ระยอง,https://maps.app.goo.gl/sfa7dzMcubg4wXps5,"12.658411731442875, 101.6382734908593",
workplace_33,โรงพยาบาลส่งเสริมสุขภาพตำบล,รพ.สต.บ้านสองพี่น้อง,ห้วยยาง,แกลง,ระยอง,https://maps.app.goo.gl/2jF8pYyoGBwU86PUA,"12.867942104842399, 99.68025088291571",032787446
workplace_34,โรงพยาบาลส่งเสริมสุขภาพตำบล,รพ.สต.บ้านวัดบุนนาค,ชากโดน,แกลง,ระยอง,https://maps.app.goo.gl/ZRNRW7pXZc9YR7i86,"12.699479726564029, 101.60559615585633",
workplace_35,โรงพยาบาลส่งเสริมสุขภาพตำบล,รพ.สต.บ้านเนินหย่อง,วังหว้า,แกลง,ระยอง,https://maps.app.goo.gl/UgZs1chtazyZCCMT9,"12.780966686707552, 101.56682654841335",038944550
workplace_36,โรงพยาบาลส่งเสริมสุขภาพตำบล,รพ.สต.บ้านโพธิฐาน,ทุ่งควายกิน,แกลง,ระยอง,https://maps.app.goo.gl/KYxUmQqJyJc8YEe3A,"12.804154214256405, 101.74058012512542",038669432
workplace_37,โรงพยาบาลส่งเสริมสุขภาพตำบล,รพ.สต.บ้านเขาดิน,ทุ่งควายกิน,แกลง,ระยอง,https://maps.app.goo.gl/vFzU5ofCdGgwA4ki9,"12.780602555061785, 101.71292950805183",
workplace_38,โรงพยาบาลส่งเสริมสุขภาพตำบล,รพ.สต.บ้านชำสมอ,กองดิน,แกลง,ระยอง,https://maps.app.goo.gl/PH7xZoP3v7Lcw5v88,"12.815022183172982, 101.76967270983808",038668936
workplace_39,โรงพยาบาลส่งเสริมสุขภาพตำบล,รพ.สต.วังหว้า,วังหว้า,แกลง,ระยอง,https://maps.app.goo.gl/XUJb6xHok19exwR97,"12.750902457456062, 101.62005320983667",038671911
workplace_40,โรงพยาบาลส่งเสริมสุขภาพตำบล,รพ.สต.บ้านคลองคา,ห้วยยาง,แกลง,ระยอง,https://maps.app.goo.gl/GLnznSBepT6K5nkE8,"12.736125746354336, 101.59323142510178",
workplace_41,โรงพยาบาลส่งเสริมสุขภาพตำบล,รพ.สต.บ้านถนนกะเพรา,เนิินฆ้อ,แกลง,ระยอง,https://maps.app.goo.gl/eUxs8GfpXqkQFYdG8,"12.693132001223653, 101.66904098649044",
workplace_42,โรงพยาบาลส่งเสริมสุขภาพตำบล,รพ.สต.ชากพง,ชากพง,แกลง,ระยอง,https://maps.app.goo.gl/d11RmAUEqJf3GN276,"12.651141652480689, 101.56500957907313",038638459
workplace_43,โรงพยาบาลส่งเสริมสุขภาพตำบล,รพ.สต.บ้านจำรุง,เนินฆ้อ,แกลง,ระยอง,https://maps.app.goo.gl/qm5u7vNLW8S1hsjL7,"12.711262165655809, 101.61904613354001",
workplace_44,โรงพยาบาลส่งเสริมสุขภาพตำบล,รพ.สต.กระแสบน,กระแสบน,แกลง,ระยอง,https://maps.app.goo.gl/gqDWu8YQWZdWtna77,"12.843990841402933, 101.62659335473833",038992120
workplace_45,โรงพยาบาลส่งเสริมสุขภาพตำบล,รพ.สต.หนองแพงพวย,เนินฆ้อ,แกลง,ระยอง,https://maps.app.goo.gl/XNkZuq4b4LgMaM4s8,"12.725824926335697, 101.63533842513236",
workplace_46,โรงพยาบาลส่งเสริมสุขภาพตำบล,รพ.สต.พังราด,พังราด,แกลง,ระยอง,https://maps.app.goo.gl/6iYaqhiugweBzwPx6,"12.729223261832884, 101.75185705561725",
workplace_47,โรงพยาบาลส่งเสริมสุขภาพตำบล,รพ.สต.บ้านเขาหินแท่น,ทางเกวียน,แกลง,ระยอง,https://maps.app.goo.gl/UUsfW2fNbrdFvAgg9,"12.83003236165267, 101.5224174442723",0892404288
workplace_48,โรงพยาบาลส่งเสริมสุขภาพตำบล,รพ.สต.เต้าปูนหาย,ห้วยยาง,แกลง,ระยอง,https://maps.app.goo.gl/VfAnSNSXo8tHoCZk8,"12.798740239626309, 101.53583390960706",
workplace_49,โรงพยาบาลส่งเสริมสุขภาพตำบล,รพ.สต.สองสลึง,สองสลึง,แกลง,ระยอง,https://maps.app.goo.gl/GS2ME57McUhYzcGH7,"12.713684713465357, 101.56163609424246",
workplace_50,โรงพยาบาลส่งเสริมสุขภาพตำบล,รพ.สต.คลองป่าไม้,กระแสบน,แกลง,ระยอง,https://maps.app.goo.gl/wFQQdcgVvCoZRz5t5,"12.941366928226898, 101.6061879096441",038017506
workplace_51,โรงพยาบาลส่งเสริมสุขภาพตำบล,รพ.สต.คลองปูน,คลองปูน,แกลง,ระยอง,https://maps.app.goo.gl/vxmQJ1nwTtoyzKf27,"12.750155860151839, 101.7307573328808",
workplace_52,โรงพยาบาลส่งเสริมสุขภาพตำบล,รพ.สต.ปากน้ำกระแส,ปากน้ำกระแส,แกลง,ระยอง,https://maps.app.goo.gl/DpjZ4a6udtxKSJBK9,"12.714060367766937, 101.70782752109275",
workplace_53,ศูนย์บริการสาธารณสุข,ศูนย์บริการสาธารณสุข_ทต.เมืองแกลง,ทางเกวียน,แกลง,ระยอง,https://maps.app.goo.gl/pk16aW7TiFAtfKyG7,"12.779380134018762, 101.65155207891661",038672654
workplace_54,โรงพยาบาล,รพ.วังจันทร์,ชุมแสง,วังจันทร์,ระยอง,https://maps.app.goo.gl/UAQuNZ5AXbKFnuGk7,"12.940341483886188, 101.52924706361556",038666174
workplace_55,สำนักงานสาธารณสุขอำเภอ,สสอ.วังจันทร์,ชุมแสง,วังจันทร์,ระยอง,https://maps.app.goo.gl/2FxFmZaafnvhVotj7,"12.935687415722214, 101.51938614032785",
workplace_56,โรงพยาบาลส่งเสริมสุขภาพตำบล,รพ.สต.บ้านคลองเขต,ป่ายุบใน,วังจันทร์,ระยอง,https://maps.app.goo.gl/rZSC3fBnKPeNe39T6,"13.03693626716999, 101.43515048692707",038015158
workplace_57,โรงพยาบาลส่งเสริมสุขภาพตำบล,รพ.สต.บ้านวังจันทร์,ป่ายุบใน,วังจันทร์,ระยอง,https://maps.app.goo.gl/CmRnWV9Wsr41vQMr9,"12.88257866390166, 101.5573686400448",038626053
workplace_58,โรงพยาบาลส่งเสริมสุขภาพตำบล,รพ.สต.บ้านเขาตาอิ๋น,คลองกิ่ว,วังจันทร์,ระยอง,https://maps.app.goo.gl/sVhe4wA7wsyJENsaA,"12.918496955185395, 101.49653274967127",038666642
workplace_59,โรงพยาบาลส่งเสริมสุขภาพตำบล,รพ.สต.บ้านเขาสิงห์โต,ป่ายุบใน,วังจันทร์,ระยอง,https://maps.app.goo.gl/Wmi4q8HSt1EGuigK6,"13.046264164122615, 101.53137589506576",
workplace_60,โรงพยาบาล,รพ.บ้านค่าย,หนองละลอก,บ้านค่าย,ระยอง,https://maps.app.goo.gl/YkT5XqFz59adb8EaA,"12.778806340334164, 101.29282863288822",038641005
workplace_61,สำนักงานสาธารณสุขอำเภอ,สสอ.บ้านค่าย,บ้านค่าย,บ้านค่าย,ระยอง,https://maps.app.goo.gl/xvyd77gaoNtP1shr9,"12.777383131594993, 101.29383497733745",
workplace_62,โรงพยาบาลส่งเสริมสุขภาพตำบล,รพ.สต.หนองสะพาน,หนองตะพาน,บ้านค่าย,ระยอง,https://maps.app.goo.gl/fCpmQMsHtSBVXwPw5,"12.74908272393177, 101.2633611095941",038025232
workplace_63,โรงพยาบาลส่งเสริมสุขภาพตำบล,รพ.สต.เนินสว่าง,เนินสว่าง,บ้านค่าย,ระยอง,https://maps.app.goo.gl/i2sRkGnjadua8Q8K9,"12.957625410507239, 101.44170262737215",038018010
workplace_64,โรงพยาบาลส่งเสริมสุขภาพตำบล,รพ.สต.บ้านหนองพะวา,บางบุตร,บ้านค่าย,ระยอง,https://maps.app.goo.gl/u3XuBGruCd7vEsQA7,"12.832627440158014, 101.34390231016022",
workplace_65,โรงพยาบาล,รพ.ปลวกแดง,ปลวกแดง,ปลวกแดง,ระยอง,https://maps.app.goo.gl/o9SKoSzyD1MKh7rv9,"12.970770786361332, 101.2191039636235",033650413
workplace_66,สำนักงานสาธารณสุขอำเภอ,สสอ.ปลวกแดง,ปลวกแดง,ปลวกแดง,ระยอง,https://maps.app.goo.gl/edjh9mBkvHYV5QDHA,"12.974369814574716, 101.21321864828164",038659069
workplace_67,โรงพยาบาลส่งเสริมสุขภาพตำบล,รพ.สต.บ้านหนองค้างคาว,ตาสิทธิ์,ปลวกแดง,ระยอง,https://maps.app.goo.gl/jrRuXP7ZAyJL5wit5,"13.055103902406708, 101.20100081761747",0838586253
workplace_68,โรงพยาบาลส่งเสริมสุขภาพตำบล,รพ.สต.บ้านมาบยางพร,มาบยางพร,ปลวกแดง,ระยอง,https://maps.app.goo.gl/cgS1iAtkCgucaQTv8,"12.99113173803774, 101.13303217951595",038891599
workplace_69,โรงพยาบาลส่งเสริมสุขภาพตำบล,รพ.สต.บ้านหนองไร่,หนองไร่,ปลวกแดง,ระยอง,https://maps.app.goo.gl/jM3Xx7aZGXf8jqud9,"13.008652694215911, 101.35960574034716",0892493434
workplace_70,โรงพยาบาลส่งเสริมสุขภาพตำบล,รพ.สต.คลองน้ำแดง,หนองไร่่,ปลวกแดง,ระยอง,https://maps.app.goo.gl/bQZVgBqjvCRpn9566,"12.974737782356286, 101.37918322156807",0871496499
workplace_71,โรงพยาบาลส่งเสริมสุขภาพตำบล,รพ.สต.บ้านปากแพรก,ละหาร,ปลวกแดง,ระยอง,https://maps.app.goo.gl/728bjT99fKdAiPtQ6,"12.945801914567005, 101.31222040224594",038961237
workplace_72,โรงพยาบาลส่งเสริมสุขภาพตำบล,รพ.สต.บึงตาต้า,หนองไร่,ปลวกแดง,ระยอง,https://maps.app.goo.gl/si9GUkXkAf3ijUC99,"13.04137979932835, 101.3097341943276",
workplace_73,โรงพยาบาลส่งเสริมสุขภาพตำบล,รพ.สต.บ้านห้วยปราบ,มาบยางพร,ปลวกแดง,ระยอง,https://maps.app.goo.gl/ckWcoTHTihqX4yeTA,"13.021146848419201, 101.11444752500765",